{"episode_types": ["t", "t", "t", "t", "t", "t", "t", "t", "t", "t"], "timestamps": [1514399148.336288, 1514399149.5498426, 1514399155.5259843, 1514399156.5512314, 1514399157.819688, 1514399182.6384203, 1514399183.8258898, 1514399184.8743515, 1514399187.269358, 1514399212.1724489], "episode_lengths": [120, 37, 236, 31, 37, 1000, 37, 26, 89, 1000], "episode_rewards": [109.47201996712538, 11.512755021660999, 232.24144822399535, 14.496381249479601, 10.031642963255582, 811.115741499096, 4.225685042091936, 16.064821513669454, 81.63607866976675, 652.2299535538566], "initial_reset_timestamp": 1514399144.899827}