{"episode_types": ["t", "t", "t", "t", "t", "t", "t", "t", "t", "t"], "episode_lengths": [76, 27, 47, 34, 61, 104, 29, 89, 32, 30], "timestamps": [1514260284.3746827, 1514260285.339073, 1514260286.8780844, 1514260287.9441001, 1514260289.7838166, 1514260292.5430903, 1514260293.5544934, 1514260295.990037, 1514260297.0749283, 1514260298.0432212], "initial_reset_timestamp": 1514260282.0753376, "episode_rewards": [41.53144353185198, 1.3330033698148314, 19.426520043431083, -10.331032320625674, 32.66530224210728, -13.57755345202895, 5.949937115867215, 46.992398981352736, -16.456001827497676, 1.118008561797612]}