{"timestamps": [1514382072.372471, 1514382089.4504, 1514382090.7215943, 1514382092.240411, 1514382094.6604643, 1514382096.349111, 1514382097.6492434], "initial_reset_timestamp": 1514382070.7176046, "episode_types": ["t", "t", "t", "t", "t", "t", "t", "t"], "episode_lengths": [75, 1000, 68, 73, 132, 88, 65], "episode_rewards": [81.53591792144145, 661.3669330976876, 65.30579925836501, 88.15162313776234, 139.56320766586143, 97.60924161403672, 64.57908747293841]}