{"timestamps": [1507734409.3152819, 1507734420.3218665, 1507734426.5385985, 1507734432.6104195, 1507734438.8691072], "episode_types": ["t", "t", "t", "t", "t"], "initial_reset_timestamp": 1507734398.2579582, "episode_rewards": [2134.3507054905062, 1820.243188236708, 2019.6989812898041, 1914.3002384961017, 2082.0298219658775], "episode_lengths": [1000, 1000, 1000, 1000, 1000]}