{"episode_rewards": [51.429591406875986, 76.16118942106408, 64.14744526111754, 49.040221253401256, 45.91287062951015, 51.305586539610516, 57.96447969314758, 54.70184185508987, 68.56347994003008, 44.263257804213204], "episode_types": ["t", "t", "t", "t", "t", "t", "t", "t", "t", "t"], "timestamps": [1514256705.6001098, 1514256707.0825114, 1514256708.534641, 1514256709.6988742, 1514256710.8417616, 1514256711.9987924, 1514256713.266828, 1514256714.5051098, 1514256716.0187173, 1514256717.033901], "episode_lengths": [33, 46, 40, 30, 32, 33, 38, 34, 45, 28], "initial_reset_timestamp": 1514256704.3010652}