{"timestamps": [1513911330.9166355, 1513911342.077063, 1513911346.780234, 1513911362.5676312, 1513911372.654119], "episode_types": ["t", "t", "t", "t", "t"], "initial_reset_timestamp": 1513911302.3037019, "episode_lengths": [1000, 395, 171, 573, 371], "episode_rewards": [2004.5996931979482, 717.9915713851909, 304.2377639243716, 1098.6906345982095, 703.6699725532449]}